指标,单位,猫参考区间,肾猫目标,分期阈值,备注
肌酐,mg/dL,0.8-2.0,越低越好(结合分期),1.6/2.8/5.0,受肌肉量影响;各实验室区间不同
肌酐,μmol/L,70-180,-,140/250/440,换算 mg/dL×88.4
SDMA,μg/dL,<14,<14,18/26/38,不受肌肉量影响;持续>14提示功能下降
血磷,mg/dL,2.5-6.0,Stage1-2: 2.7-4.6 / Stage3: <5.0 / Stage4: <6.0,理想≤4.0,>6.0 任何期均需干预
血磷,mmol/L,0.8-1.9,Stage1-2: 0.87-1.49 / Stage3: <1.62 / Stage4: <1.94,理想≤1.3,换算 mg/dL×0.323
血钙,mg/dL,8.5-10.5,-,>12 需放宽限磷,换算 mmol/L×4.0
UPC,-,<0.2,非蛋白尿<0.2 / 临界0.2-0.4 / 蛋白尿>0.4,0.2/0.4,需3次采样间隔≥2周
收缩压,mmHg,<140,-,140/160/180,>160 启动降压;≥180 视网膜脱离风险
碳酸氢盐,mmol/L,16-25,16-25,-,稳定且水合良好时判读
血钾,mmol/L,3.5-5.5,依个体,-,低钾见于20-30% CKD猫
USG,-,1.008-1.035+,-,-,部分肾性氮质血症猫仍可高比重尿
PCV/HCT,%,30-45,-,-,肾性贫血为非再生性
FGF-23,pg/ml,-,Stage1-2: >400 开始限磷 / Stage4: >700 加强限磷,400/700,需排除高钙血症/贫血/炎症
